Book Id,Title,Author,Author l-f,Additional Authors,ISBN,ISBN13,My Rating,Publisher,Binding,Number of Pages,Year Published,Original Publication Year,Date Read,Date Added,Bookshelves,Bookshelves with positions,Exclusive Shelf,My Review,Spoiler,Private Notes,Read Count,Owned Copies
28257707,The Subtle Art of Not Giving a F*ck: A Counterintuitive Approach to Living a Good Life,Mark Manson,"Manson, Mark",,"=""""","=""9798804636129""",4.0,Harper,Paperback,212,2016,2016,,2026/09/18,,,read,,,,0,0
43877,The Monk Who Sold His Ferrari: A Fable About Fulfilling Your Dreams and Reaching Your Destiny,Robin Sharma,"Sharma, Robin",,"=""0062515675""","=""9780062515674""",5.0,HarperOne,Paperback,208,1999,1996,,2026/09/18,,,read,,,,0,0
53642699,The Mountain Is You: Transforming Self-Sabotage Into Self-Mastery,Brianna Wiest,"Wiest, Brianna",,"=""""","=""""",4.0,Thought Catalog Books,Kindle Edition,250,2020,2020,,2026/09/18,,,read,,,,0,0
199276746,Common Yet Uncommon: 14 Memorable Stories from Daily Life,Sudha Murty,"Murty, Sudha",,"=""0143464612""","=""9780143464617""",5.0,Penguin,Hardcover,200,2023,2023,,2026/09/18,,,read,,,,0,0
224113806,"Micro Habits: Small Changes, Big Impact",Walter Smith,"Smith, Walter",,"=""9361567578""","=""9789361567575""",4.0,Rupa Publications India,Paperback,232,2025,,,2026/09/18,,,read,,,,0,0
33289859,Chanakya in Daily Life,Radhakrishnan Pillai,"Pillai, Radhakrishnan",,"=""""","=""""",4.0,Rupa Publications India,Kindle Edition,292,2016,2016,,2026/09/18,,,read,,,,0,0
40097951,The Silent Patient,Alex Michaelides,"Michaelides, Alex",,"=""1250301696""","=""9781250301697""",5.0,Celadon Books,Hardcover,336,2019,2019,,2026/09/18,,,read,,,,0,0
242873033,Who the F**k are You: A Polite Book about Finding Your Unfair Advantage and Making it Impossible to Ignore,Harinder Singh Pelia,"Pelia, Harinder Singh",,"=""9373034979""","=""9789373034973""",4.0,Penguin Business,Kindle Edition,167,2025,,,2026/09/18,,,read,,,,0,0
52529,"The Secret (The Secret, #1)",Rhonda Byrne,"Byrne, Rhonda",,"=""""","=""""",4.0,Atria Books/Beyond Words,Hardcover,199,2006,2006,,2026/09/17,,,read,,,,0,0
634583,Wings of Fire: An Autobiography,A.P.J. Abdul Kalam,"Kalam, A.P.J. Abdul",Arun Tiwari,"=""8173711461""","=""9788173711466""",3.0,Universities Press,Paperback,180,2011,1999,,2026/09/17,,,read,,,,0,0
150754193,Dairy of a Wimpy Kid Set 9-12: Long Haul/Old Scool/Double Down/The Getaway,Jeff Kinney,"Kinney, Jeff",,"=""""","=""""",5.0,Amulet,Hardcover,0,,,,2026/09/17,,,read,,,,0,0
40078926,"Master Your Emotions: A Practical Guide to Overcome Negativity and Better Manage Your Feelings (Mastery Series, #2)",Thibaut Meurisse,"Meurisse, Thibaut",Kerry J.  Donovan,"=""""","=""""",4.0,,Kindle Edition,215,2018,2018,,2026/09/17,,,read,,,,0,0
1405296,"The Law of Success, Volume II: Principles of Personal Power",Napoleon Hill,"Hill, Napoleon",,"=""1580632246""","=""9781580632249""",3.0,High Roads Media,Hardcover,256,2002,2002,,2026/09/17,,,read,,,,0,0
25874992,You Can: A Collection of Brief Talks on the Most Important Topic in the World - Your Success,George Matthew Adams,"Adams, George Matthew",,"=""1502781379""","=""9781502781376""",2.0,Createspace Independent Publishing Platform,Paperback,128,2014,2005,,2026/09/17,,,read,,,,0,0
7733,Gulliver’s Travels,Jonathan Swift,"Swift, Jonathan",,"=""0141439491""","=""9780141439495""",4.0,Penguin,Paperback,306,2017,1726,,2026/09/17,,,read,,,,0,0
231148075,The Art of Spending Money: Simple Choices for a Richer Life,Morgan Housel,"Housel, Morgan",,"=""0593716620""","=""9780593716625""",4.0,Portfolio,Hardcover,233,2025,2025,,2026/09/17,,,read,,,,0,0
41881472,"The Psychology of Money: Timeless Lessons on Wealth, Greed, and Happiness",Morgan Housel,"Housel, Morgan",,"=""""","=""""",4.0,Harriman House,Paperback,242,2020,2020,,2026/09/17,,,read,,,,0,0
45167571,Conundrum,Chandrachur Ghose,"Ghose, Chandrachur",Anuj Dhar,"=""9386473577""","=""9789386473578""",5.0,Vitasta Publishing Pvt Ltd,Paperback,856,2019,2019,,2026/09/17,,,read,,,,0,0
18050143,"Zero to One: Notes on Startups, or How to Build the Future",Peter Thiel,"Thiel, Peter",Blake  Masters,"=""0804139296""","=""9780804139298""",3.0,Crown Currency,Hardcover,195,2014,2014,,2026/09/17,,,read,,,,0,0
40041681,The Tatas: How a Family Built a Business and a Nation,Girish Kuber,"Kuber, Girish",,"=""9352779371""","=""9789352779376""",3.0,HarperBusiness,Hardcover,276,2019,2015,,2026/09/17,,,read,,,,0,0
40136616,"Here, There and Everywhere: Best-Loved Stories of Sudha Murthy",Sudha Murty,"Murty, Sudha",,"=""9353050332""","=""9789353050337""",4.0,Penguin,Kindle Edition,153,2018,2018,,2026/09/17,,,read,,,,0,0
203251870,An Uncommon Love: The Early Life of Sudha and Narayana Murthy,Chitra Banerjee Divakaruni,"Divakaruni, Chitra Banerjee",,"=""9353456444""","=""9789353456443""",3.0,Juggernaut,Hardcover,352,2024,,,2026/09/17,,,read,,,,0,0
6708,The Power of Now: A Guide to Spiritual Enlightenment,Eckhart Tolle,"Tolle, Eckhart",,"=""""","=""""",3.0,New World Library,Paperback,229,2004,1997,,2026/09/17,,,read,,,,0,0
194366,"The Return of Sherlock Holmes (Sherlock Holmes, #6)",Arthur Conan Doyle,"Doyle, Arthur Conan","Richard Lancelyn Green, Angus Wilson, Owen Dudley Edwards","=""0192123173""","=""9780192123176""",5.0,Oxford University Press,Hardcover,455,1993,1904,,2026/09/17,,,read,,,,0,0
194373,"The Memoirs of Sherlock Holmes (Sherlock Holmes, #4)",Arthur Conan Doyle,"Doyle, Arthur Conan","Christopher Roden, Owen Dudley Edwards","=""0192123092""","=""9780192123091""",5.0,Oxford University Press,Hardcover,378,1993,1893,,2026/09/17,,,read,,,,0,0
3590,"The Adventures of Sherlock Holmes (Sherlock Holmes, #3)",Arthur Conan Doyle,"Doyle, Arthur Conan",,"=""""","=""""",5.0,Oxford University Press,Paperback,389,1998,1892,,2026/09/17,,,read,,,,0,0
8921,"The Hound of the Baskervilles (Sherlock Holmes, #5)",Arthur Conan Doyle,"Doyle, Arthur Conan","Anne Perry, Mark Hallaq","=""""","=""""",5.0,Signet,Mass Market Paperback,256,2001,1902,,2026/09/17,,,read,,,,0,0
188572,The Complete Sherlock Holmes,Arthur Conan Doyle,"Doyle, Arthur Conan",,"=""""","=""""",5.0,Bantam Classics,Paperback,1796,1986,1887,,2026/09/17,,,read,,,,0,0
13623874,Mossad: The Greatest Missions of the Israeli Secret Service,Michael Bar-Zohar,"Bar-Zohar, Michael",Nissim Mishal,"=""0062123408""","=""9780062123404""",0,Ecco,Hardcover,388,2012,2010,,2026/09/17,to-read,to-read (#1),to-read,,,,0,0
166819698,"The Art of Letting Go: Stop Overthinking, Stop Negative Spirals, and Find Emotional Freedom (The Path to Calm Book 2)",Nick Trenton,"Trenton, Nick",,"=""""","=""""",3.0,NTCS Inc.,Kindle Edition,166,2023,,,2026/09/17,,,read,,,,0,0
226381619,"Days at the Torunka Café (Days at the Torunka Café, #1)",Satoshi Yagisawa,"Yagisawa, Satoshi",Eric Ozawa,"=""0063445859""","=""9780063445857""",3.0,Harper Perennial,Paperback,240,2025,2013,,2026/09/17,,,read,,,,0,0
54479,Around the World in Eighty Days,Jules Verne,"Verne, Jules","Michael Glencross, Brian W. Aldiss","=""014044906X""","=""9780140449068""",3.0,Penguin Books ,Paperback,252,2004,1872,,2026/09/17,,,read,,,,0,0
40121378,Atomic Habits: An Easy & Proven Way to Build Good Habits & Break Bad Ones,James Clear,"Clear, James",,"=""""","=""""",5.0,Avery,Kindle Edition,319,2018,2018,,2026/09/17,,,read,,,,0,0
68984,The Power of Your Subconscious Mind,Joseph Murphy,"Murphy, Joseph",Ian McMahon,"=""0553583182""","=""9780553583182""",4.0,Bantam,Mass Market Paperback,304,2001,1963,,2026/09/17,,,read,,,,0,0
239127906,"Desi Crime: 20 True Stories of Killers, Kidnappers and Other Sinister Criminals",Aishwarya Singh,"Singh, Aishwarya",Aryaan Misra,"=""9361139223""","=""9789361139222""",4.0,Pan Macmillan India,Kindle Edition,268,2025,,,2026/09/17,,,read,,,,0,0
54898389,The Almanack of Naval Ravikant: A Guide to Wealth and Happiness,Eric Jorgenson,"Jorgenson, Eric","Timothy Ferriss, Naval Ravikant","=""""","=""9781544514208""",5.0,Magrathea Publishing,Kindle Edition,244,2020,2020,,2026/09/17,,,read,,,,0,0
124950497,Ikigai: The Japanese Secret to a Long and Happy Life,Héctor  García,"García, Héctor",Francesc Miralles,"=""""","=""""",3.0,,Unknown Binding,208,2017,2016,,2026/09/17,,,read,,,,0,0
69571,Rich Dad Poor Dad: What the Rich Teach Their Kids About Money—That the Poor and Middle Class Do Not!,Robert T. Kiyosaki,"Kiyosaki, Robert T.",,"=""0751532711""","=""9780751532715""",4.0,Time Warner Books UK,Paperback,195,2002,1997,,2026/09/17,,,read,,,,0,0
60556912,"The Housemaid (The Housemaid, #1)",Freida McFadden,"McFadden, Freida",,"=""1803144378""","=""9781803144375""",3.0,Bookouture,Kindle Edition,338,2022,2022,,2026/09/17,,,read,,,,0,0
244403162,The Divorce,Freida McFadden,"McFadden, Freida",,"=""1464249636""","=""9781464249631""",1.0,Poisoned Pen Press,Paperback,368,2026,2026,,2026/09/17,,,read,,,,1,0
60588433,Night Shift (Jack Stapleton & Laurie Montgomery #13),Robin Cook,"Cook, Robin",,"=""""","=""""",5.0,G.P. Putnam's Sons,Kindle Edition,432,2022,2022,,2026/09/17,,,read,,,,1,0
11084145,Steve Jobs,Walter Isaacson,"Isaacson, Walter",,"=""1451648537""","=""9781451648539""",5.0,Simon & Schuster,Hardcover,630,2011,2011,,2026/09/17,,,read,,,,0,0
